,precision,recall,f1-score,support
0,0.7649122807017544,0.7898550724637681,0.7771836007130125,276.0
1,0.5503875968992248,0.5144927536231884,0.5318352059925093,138.0
accuracy,0.6980676328502415,0.6980676328502415,0.6980676328502415,0.6980676328502415
macro avg,0.6576499388004896,0.6521739130434783,0.654509403352761,414.0
weighted avg,0.6934040527675779,0.6980676328502415,0.6954008024728447,414.0
