,precision,recall,f1-score,support
0,0.7222222222222222,0.8068965517241379,0.762214983713355,435.0
1,0.49700598802395207,0.38073394495412843,0.43116883116883115,218.0
accuracy,0.664624808575804,0.664624808575804,0.664624808575804,0.664624808575804
macro avg,0.6096141051230871,0.5938152483391331,0.5966919074410931,653.0
weighted avg,0.6470351792586344,0.664624808575804,0.6516972788822583,653.0
