,precision,recall,f1-score,support
0,0.6865611043442956,0.6728116710875331,0.6796168531046956,7540.0
1,0.3911648568608095,0.40630607536529095,0.39859172639255624,3901.0
accuracy,0.5819421379250066,0.5819421379250066,0.5819421379250066,0.5819421379250066
macro avg,0.5388629806025526,0.539558873226412,0.5391042897486259,11441.0
weighted avg,0.5858408210270087,0.5819421379250066,0.5837966433936514,11441.0
