,precision,recall,f1-score,support
0,0.680568147476579,0.6595401962219944,0.6698891946158995,6829.0
1,0.38099041533546324,0.40366713681241184,0.39200109574030956,3545.0
accuracy,0.57210333526123,0.57210333526123,0.57210333526123,0.57210333526123
macro avg,0.5307792814060212,0.5316036665172031,0.5309451451781045,10374.0
weighted avg,0.5781965395683223,0.57210333526123,0.5749293613294172,10374.0
